{"cameraMode":{"drawMode":0,"name":"Shaded","section":"Shading Mode"},"sceneLighting":true,"audioPlay":false,"sceneViewState":{"showFog":false,"showMaterialUpdate":false,"showSkybox":false,"showFlares":false,"showImageEffects":false,"showParticleSystems":true},"in2DMode":false,"pivot":{"x":-0.6125335693359375,"y":0.45962727069854739,"z":0.6197795867919922},"rotation":{"x":-0.06030862405896187,"y":0.9359620809555054,"z":-0.19832909107208253,"w":-0.28461113572120669},"size":2.0009706020355226,"orthographic":false}